<?xml version="1.0" encoding="UTF-8"?>
<?xml-stylesheet type="text/xsl" href="description.xsl" ?>

<list>

<password>
<name>Popularne hasla, których nie powinieneś używać:</name>
<description>Numer 1: 123456</description>
<description2>Numer 2: qwerty</description2>
<description3>Numer 3: 123456789</description3>
<description4>Numer 4: 12345</description4>
<description5>Numer 5: zaq12wsx</description5>
<description6>Numer 6: password</description6>
<description7>Numer 7: 12345678</description7>
<description8>Numer 8: polska</description8>
<description9>Numer 9: 1234567</description9>
<description10>Numer 10: 123qwe</description10>
<a href="http://localhost/projekt/index.html">Sprawdz popularne hasła</a>
</password>
</list>